Password_0,Email_0,Name_0,Phone_0,Address_0,City_0,State_0,ZIP_0,Country_0
Password21!,chisho21@gmail.com,Evan Chisholm,9897986183,438 E Saratoga,Ferndale,MI,48220,USA
Password21!,april.turner@example.com,April Turner,(167)-873-3197,3555 Stevens Creek Blvd,Steilacoom,Colorado,43038,United States
Password21!,pearl.simpson@example.com,Pearl Simpson,(233)-013-2706,4812 Samaritan Dr,Grand Prairie,North Dakota,77462,United States
Password21!,chester.morrison@example.com,Chester Morrison,(234)-902-3565,2662 Spring St,Irvine,Tennessee,99506,United States
Password21!,rosemary.holt@example.com,Rosemary Holt,(541)-583-5766,6291 Thornridge Cir,Baltimore,Alabama,64394,United States
Password21!,anita.wells@example.com,Anita Wells,(985)-858-5308,5185 White Oak Dr,Centennial,Michigan,10464,United States
Password21!,carolyn.wilson@example.com,Carolyn Wilson,(442)-160-4673,7737 Taylor St,Downey,South Carolina,91263,United States
Password21!,emily.porter@example.com,Emily Porter,(969)-721-8338,103 E Sandy Lake Rd,Santa Ana,Connecticut,96133,United States
Password21!,katrina.watkins@example.com,Katrina Watkins,(895)-476-4634,438 Wheeler Ridge Dr,Baton Rouge,Michigan,48527,United States
Password21!,jackie.perkins@example.com,Jackie Perkins,(934)-789-0987,1665 Pecan Acres Ln,Seymour,Indiana,65749,United States
Password21!,tamara.jimenez@example.com,Tamara Jimenez,(467)-173-8466,2850 Green Rd,Frederick,Vermont,33139,United States
Password21!,francis.sims@example.com,Francis Sims,(862)-318-7947,2447 W Sherman Dr,Evansville,Idaho,79714,United States
Password21!,francis.simpson@example.com,Francis Simpson,(269)-163-5443,9004 Hickory Creek Dr,Lubbock,Nebraska,78090,United States
Password21!,leroy.sanders@example.com,Leroy Sanders,(085)-033-9796,63 Depaul Dr,Las Vegas,Utah,79669,United States
Password21!,jimmy.fernandez@example.com,Jimmy Fernandez,(752)-336-9632,3849 Brown Terrace,Boston,Washington,69597,United States
Password21!,veronica.reed@example.com,Veronica Reed,(043)-688-4773,720 Dogwood Ave,Temecula,Wisconsin,96383,United States
Password21!,ben.carlson@example.com,Ben Carlson,(097)-984-7772,5086 Plum St,Rio Rancho,Vermont,65225,United States
Password21!,guy.hall@example.com,Guy Hall,(938)-321-5726,823 W Sherman Dr,Durham,Arizona,37779,United States
Password21!,frances.williams@example.com,Frances Williams,(407)-232-1165,5256 Prospect Rd,Ontario,Louisiana,97348,United States
Password21!,eduardo.burns@example.com,Eduardo Burns,(026)-114-4557,6539 Lovers Ln,Milwaukee,Kentucky,92472,United States
Password21!,gerald.kelley@example.com,Gerald Kelley,(074)-332-1494,1907 First Street,Amarillo,Kentucky,73963,United States
Password21!,brianna.fowler@example.com,Brianna Fowler,(074)-055-4417,2422 Wycliff Ave,Shelby,Massachusetts,53110,United States
Password21!,terry.ross@example.com,Terry Ross,(726)-763-6888,5152 Mockingbird Hill,Seagoville,Nebraska,87907,United States
Password21!,meghan.hamilton@example.com,Meghan Hamilton,(305)-658-5965,878 E Center St,Stockton,South Carolina,87754,United States
Password21!,alfredo.rodriquez@example.com,Alfredo Rodriquez,(184)-643-6123,9951 Northaven Rd,Los Lunas,Arizona,93670,United States
Password21!,lee.kim@example.com,Lee Kim,(918)-091-8692,1987 Lakeshore Rd,Savannah,New York,46881,United States
Password21!,craig.peck@example.com,Craig Peck,(625)-433-4757,2829 Timber Wolf Trail,Fullerton,Kansas,88651,United States
Password21!,janice.cox@example.com,Janice Cox,(805)-969-2697,8135 Fincher Rd,Cape Coral,Hawaii,70178,United States
Password21!,isaac.sanchez@example.com,Isaac Sanchez,(027)-254-2974,3971 Edwards Rd,Midland,South Dakota,91860,United States
Password21!,alma.daniels@example.com,Alma Daniels,(781)-590-8303,4859 Lakeview St,Saginaw,Indiana,41675,United States
Password21!,ricky.newman@example.com,Ricky Newman,(228)-213-6271,9928 Paddock Way,North Charleston,Maryland,49866,United States
Password21!,brent.carlson@example.com,Brent Carlson,(918)-748-9742,4703 Westheimer Rd,Tampa,Mississippi,82933,United States
Password21!,michele.ramirez@example.com,Michele Ramirez,(510)-111-9254,8864 Hamilton Ave,Forney,Maryland,87380,United States
Password21!,melinda.carlson@example.com,Melinda Carlson,(482)-265-1283,8801 W Campbell Ave,Phoenix,Rhode Island,47656,United States
Password21!,andy.prescott@example.com,Andy Prescott,(176)-925-2500,7295 Marsh Ln,Santa Ana,Delaware,22717,United States
Password21!,george.hernandez@example.com,George Hernandez,(606)-497-1293,111 Saddle Dr,Durham,Washington,98029,United States
Password21!,rosemary.hansen@example.com,Rosemary Hansen,(400)-324-0244,282 Pecan Acres Ln,Shelby,Florida,76869,United States
Password21!,ernest.payne@example.com,Ernest Payne,(397)-542-7907,4225 Smokey Ln,Vancouver,Utah,59532,United States
Password21!,dianne.white@example.com,Dianne White,(212)-289-9700,9305 E Pecan St,Rio Rancho,Connecticut,95163,United States
Password21!,willie.bell@example.com,Willie Bell,(453)-204-5174,8270 Plum St,Anna,Oklahoma,61946,United States
Password21!,sophie.edwards@example.com,Sophie Edwards,(005)-148-0186,1109 Wycliff Ave,Lewiston,Montana,94371,United States
Password21!,jesse.burns@example.com,Jesse Burns,(222)-955-8050,8437 Spring St,Louisville,Oregon,74129,United States
Password21!,nathan.wood@example.com,Nathan Wood,(332)-084-1524,5718 Karen Dr,Grand Prairie,North Dakota,44510,United States
Password21!,tony.boyd@example.com,Tony Boyd,(134)-415-8511,9458 Cherry St,Santa Ana,Maryland,40263,United States
Password21!,lee.larson@example.com,Lee Larson,(526)-607-5126,9811 Stevens Creek Blvd,Albany,West Virginia,98143,United States
Password21!,jill.day@example.com,Jill Day,(002)-792-2707,9432 Photinia Ave,Lousville,Delaware,82849,United States
Password21!,logan.bradley@example.com,Logan Bradley,(494)-424-5421,6227 Hickory Creek Dr,Shiloh,Wisconsin,68909,United States
Password21!,bryan.harper@example.com,Bryan Harper,(997)-887-9466,718 Valley View Ln,Broken Arrow,Oklahoma,62779,United States
Password21!,ralph.lawrence@example.com,Ralph Lawrence,(254)-573-5933,657 Walnut Hill Ln,San Antonio,Nevada,70842,United States
Password21!,genesis.peters@example.com,Genesis Peters,(356)-590-8053,8229 E North St,Utica,Hawaii,36791,United States
Password21!,minnie.lane@example.com,Minnie Lane,(983)-857-0633,453 W Pecan St,Irvine,Delaware,28945,United States
